date,category,variable,value
1996-01-01,budget,balance,3292
1996-04-01,budget,balance,2532
1996-07-01,budget,balance,-579
1996-10-01,budget,balance,-3430
1997-01-01,budget,balance,3809
1997-04-01,budget,balance,3749
1997-07-01,budget,balance,2779
1997-10-01,budget,balance,-3711
1998-01-01,budget,balance,4203
1998-04-01,budget,balance,-383
1998-07-01,budget,balance,1498
1998-10-01,budget,balance,-10320
1999-01-01,budget,balance,1247
1999-04-01,budget,balance,123
1999-07-01,budget,balance,-5647
1999-10-01,budget,balance,-5209
2000-01-01,budget,balance,998
2000-04-01,budget,balance,-1606
2000-07-01,budget,balance,-4577
2000-10-01,budget,balance,-14530
2001-01-01,budget,balance,-1627
2001-04-01,budget,balance,1824
2001-07-01,budget,balance,-3022
2001-10-01,budget,balance,-15597
2002-01-01,budget,balance,-1283
2002-04-01,budget,balance,-4018
2002-07-01,budget,balance,-5138
2002-10-01,budget,balance,-9814
2003-01-01,budget,balance,-6807
2003-04-01,budget,balance,-9981
2003-07-01,budget,balance,-2352
2003-10-01,budget,balance,-1787
2004-01-01,budget,balance,-3204
2004-04-01,budget,balance,-4922
2004-07-01,budget,balance,-1525
2004-10-01,budget,balance,-9768
2005-01-01,budget,balance,2619
2005-04-01,budget,balance,-2687
2005-07-01,budget,balance,-805
2005-10-01,budget,balance,-17851
2006-01-01,budget,balance,4868
2006-04-01,budget,balance,6416
2006-07-01,budget,balance,-5788
2006-10-01,budget,balance,-24605
2007-01-01,budget,balance,-2634
2007-04-01,budget,balance,3608
2007-07-01,budget,balance,-11136
2007-10-01,budget,balance,-10496
2008-01-01,budget,balance,-7664
2008-04-01,budget,balance,-1930
2008-07-01,budget,balance,-7788
2008-10-01,budget,balance,-18212
2009-01-01,budget,balance,-6659
2009-04-01,budget,balance,-12054
2009-07-01,budget,balance,-7775
2009-10-01,budget,balance,-20936
2010-01-01,budget,balance,-10183
2010-04-01,budget,balance,-7099
2010-07-01,budget,balance,-7803
2010-10-01,budget,balance,-18190
2011-01-01,budget,balance,-5215
2011-04-01,budget,balance,825
2011-07-01,budget,balance,-12757
2011-10-01,budget,balance,-25362
2012-01-01,budget,balance,-5831
2012-04-01,budget,balance,-6280
2012-07-01,budget,balance,-8762
2012-10-01,budget,balance,-21078
2013-01-01,budget,balance,-14939
2013-04-01,budget,balance,-4423
2013-07-01,budget,balance,-5439
2013-10-01,budget,balance,-13784
2014-01-01,budget,balance,-12986
2014-04-01,budget,balance,-6066
2014-07-01,budget,balance,-1877
2014-10-01,budget,balance,-16487
2015-01-01,budget,balance,-11755
2015-04-01,budget,balance,-3833
2015-07-01,budget,balance,-4721
2015-10-01,budget,balance,-16884
2016-01-01,budget,balance,-17734
2016-04-01,budget,balance,-15018
2016-07-01,budget,balance,-1798
2016-10-01,budget,balance,-3849
2017-01-01,budget,balance,-20219
2017-04-01,budget,balance,-13754
2017-07-01,budget,balance,804
2017-10-01,budget,balance,-7152
2018-01-01,budget,balance,-11333
2018-04-01,budget,balance,-19501
2018-07-01,budget,balance,-3623
2018-10-01,budget,balance,-18927
2019-01-01,budget,balance,-7112
2019-04-01,budget,balance,-15312
2019-07-01,budget,balance,-9589
2019-10-01,budget,balance,-19485
2020-01-01,budget,balance,-28119
2020-04-01,budget,balance,-24571
2020-07-01,budget,balance,-27553
2020-10-01,budget,balance,-7402
2021-01-01,budget,balance,-37066
2021-04-01,budget,balance,-20257
2021-07-01,budget,balance,-26310
2021-10-01,budget,balance,-15124
2022-01-01,budget,balance,-23796
2022-04-01,budget,balance,-21128
2022-07-01,budget,balance,-7067
2022-10-01,budget,balance,-47491
2023-01-01,budget,balance,-16865
2023-04-01,budget,balance,-22919
2023-07-01,budget,balance,-11485
2023-10-01,budget,balance,-40122
2024-01-01,budget,balance,-26375
1996-01-01,budget,revenue,12947
1996-04-01,budget,revenue,13486
1996-07-01,budget,revenue,13452
1996-10-01,budget,revenue,18395
1997-01-01,budget,revenue,14291
1997-04-01,budget,revenue,16023
1997-07-01,budget,revenue,16519
1997-10-01,budget,revenue,18903
1998-01-01,budget,revenue,13812
1998-04-01,budget,revenue,14050
1998-07-01,budget,revenue,14434
1998-10-01,budget,revenue,14414
1999-01-01,budget,revenue,11318
1999-04-01,budget,revenue,15498
1999-07-01,budget,revenue,13997
1999-10-01,budget,revenue,17861
2000-01-01,budget,revenue,11219
2000-04-01,budget,revenue,16682
2000-07-01,budget,revenue,15421
2000-10-01,budget,revenue,18542
2001-01-01,budget,revenue,14634
2001-04-01,budget,revenue,20738
2001-07-01,budget,revenue,18477
2001-10-01,budget,revenue,25718
2002-01-01,budget,revenue,17143
2002-04-01,budget,revenue,19605
2002-07-01,budget,revenue,19426
2002-10-01,budget,revenue,27341
2003-01-01,budget,revenue,13720
2003-04-01,budget,revenue,21202
2003-07-01,budget,revenue,23292
2003-10-01,budget,revenue,34395
2004-01-01,budget,revenue,17735
2004-04-01,budget,revenue,21826
2004-07-01,budget,revenue,24576
2004-10-01,budget,revenue,35260
2005-01-01,budget,revenue,21147
2005-04-01,budget,revenue,26599
2005-07-01,budget,revenue,26375
2005-10-01,budget,revenue,32183
2006-01-01,budget,revenue,24214
2006-04-01,budget,revenue,33043
2006-07-01,budget,revenue,31872
2006-10-01,budget,revenue,34417
2007-01-01,budget,revenue,24227
2007-04-01,budget,revenue,34197
2007-07-01,budget,revenue,33263
2007-10-01,budget,revenue,48197
2008-01-01,budget,revenue,27955
2008-04-01,budget,revenue,39864
2008-07-01,budget,revenue,45674
2008-10-01,budget,revenue,46300
2009-01-01,budget,revenue,35857
2009-04-01,budget,revenue,39380
2009-07-01,budget,revenue,40813
2009-10-01,budget,revenue,42589
2010-01-01,budget,revenue,28734
2010-04-01,budget,revenue,41973
2010-07-01,budget,revenue,43128
2010-10-01,budget,revenue,45818
2011-01-01,budget,revenue,39759
2011-04-01,budget,revenue,49649
2011-07-01,budget,revenue,48347
2011-10-01,budget,revenue,47664
2012-01-01,budget,revenue,47889
2012-04-01,budget,revenue,50747
2012-07-01,budget,revenue,52101
2012-10-01,budget,revenue,57176
2013-01-01,budget,revenue,43751
2013-04-01,budget,revenue,51588
2013-07-01,budget,revenue,56980
2013-10-01,budget,revenue,61052
2014-01-01,budget,revenue,49175
2014-04-01,budget,revenue,52671
2014-07-01,budget,revenue,59139
2014-10-01,budget,revenue,59640
2015-01-01,budget,revenue,51548
2015-04-01,budget,revenue,55251
2015-07-01,budget,revenue,56253
2015-10-01,budget,revenue,56037
2016-01-01,budget,revenue,48794
2016-04-01,budget,revenue,47498
2016-07-01,budget,revenue,56295
2016-10-01,budget,revenue,59834
2017-01-01,budget,revenue,46645
2017-04-01,budget,revenue,50431
2017-07-01,budget,revenue,58716
2017-10-01,budget,revenue,64614
2018-01-01,budget,revenue,54324
2018-04-01,budget,revenue,52470
2018-07-01,budget,revenue,58920
2018-10-01,budget,revenue,67169
2019-01-01,budget,revenue,63688
2019-04-01,budget,revenue,62086
2019-07-01,budget,revenue,68775
2019-10-01,budget,revenue,69866
2020-01-01,budget,revenue,45322
2020-04-01,budget,revenue,56450
2020-07-01,budget,revenue,46402
2020-10-01,budget,revenue,76902
2021-01-01,budget,revenue,49527
2021-04-01,budget,revenue,56891
2021-07-01,budget,revenue,51454
2021-10-01,budget,revenue,75879
2022-01-01,budget,revenue,62757
2022-04-01,budget,revenue,61566
2022-07-01,budget,revenue,83281
2022-10-01,budget,revenue,86753
2023-01-01,budget,revenue,76196
2023-04-01,budget,revenue,72210
2023-07-01,budget,revenue,77856
2023-10-01,budget,revenue,88698
2024-01-01,budget,revenue,69976
1996-01-01,budget,spending_oe,8473
1996-04-01,budget,spending_oe,9315
1996-07-01,budget,spending_oe,9980
1996-10-01,budget,spending_oe,16097
1997-01-01,budget,spending_oe,8938
1997-04-01,budget,spending_oe,9019
1997-07-01,budget,spending_oe,10674
1997-10-01,budget,spending_oe,16034
1998-01-01,budget,spending_oe,8435
1998-04-01,budget,spending_oe,12028
1998-07-01,budget,spending_oe,9351
1998-10-01,budget,spending_oe,14770
1999-01-01,budget,spending_oe,9198
1999-04-01,budget,spending_oe,10058
1999-07-01,budget,spending_oe,12158
1999-10-01,budget,spending_oe,15285
2000-01-01,budget,spending_oe,7805
2000-04-01,budget,spending_oe,12760
2000-07-01,budget,spending_oe,14662
2000-10-01,budget,spending_oe,21320
2001-01-01,budget,spending_oe,11303
2001-04-01,budget,spending_oe,13368
2001-07-01,budget,spending_oe,14326
2001-10-01,budget,spending_oe,24760
2002-01-01,budget,spending_oe,14713
2002-04-01,budget,spending_oe,15630
2002-07-01,budget,spending_oe,15817
2002-10-01,budget,spending_oe,22539
2003-01-01,budget,spending_oe,12752
2003-04-01,budget,spending_oe,22228
2003-07-01,budget,spending_oe,17808
2003-10-01,budget,spending_oe,22436
2004-01-01,budget,spending_oe,16152
2004-04-01,budget,spending_oe,19705
2004-07-01,budget,spending_oe,19934
2004-10-01,budget,spending_oe,35507
2005-01-01,budget,spending_oe,15909
2005-04-01,budget,spending_oe,23397
2005-07-01,budget,spending_oe,22987
2005-10-01,budget,spending_oe,35451
2006-01-01,budget,spending_oe,17328
2006-04-01,budget,spending_oe,21603
2006-07-01,budget,spending_oe,28774
2006-10-01,budget,spending_oe,39989
2007-01-01,budget,spending_oe,21692
2007-04-01,budget,spending_oe,24784
2007-07-01,budget,spending_oe,33693
2007-10-01,budget,spending_oe,42915
2008-01-01,budget,spending_oe,30425
2008-04-01,budget,spending_oe,32863
2008-07-01,budget,spending_oe,41356
2008-10-01,budget,spending_oe,48855
2009-01-01,budget,spending_oe,34352
2009-04-01,budget,spending_oe,39363
2009-07-01,budget,spending_oe,37130
2009-10-01,budget,spending_oe,46222
2010-01-01,budget,spending_oe,31900
2010-04-01,budget,spending_oe,37063
2010-07-01,budget,spending_oe,38572
2010-10-01,budget,spending_oe,44097
2011-01-01,budget,spending_oe,38653
2011-04-01,budget,spending_oe,40590
2011-07-01,budget,spending_oe,48832
2011-10-01,budget,spending_oe,54520
2012-01-01,budget,spending_oe,45599
2012-04-01,budget,spending_oe,48234
2012-07-01,budget,spending_oe,50062
2012-10-01,budget,spending_oe,61641
2013-01-01,budget,spending_oe,49892
2013-04-01,budget,spending_oe,49183
2013-07-01,budget,spending_oe,53403
2013-10-01,budget,spending_oe,58792
2014-01-01,budget,spending_oe,55198
2014-04-01,budget,spending_oe,51725
2014-07-01,budget,spending_oe,52932
2014-10-01,budget,spending_oe,59734
2015-01-01,budget,spending_oe,55421
2015-04-01,budget,spending_oe,51830
2015-07-01,budget,spending_oe,52285
2015-10-01,budget,spending_oe,57461
2016-01-01,budget,spending_oe,57377
2016-04-01,budget,spending_oe,52077
2016-07-01,budget,spending_oe,50714
2016-10-01,budget,spending_oe,50005
2017-01-01,budget,spending_oe,57558
2017-04-01,budget,spending_oe,53536
2017-07-01,budget,spending_oe,48254
2017-10-01,budget,spending_oe,58347
2018-01-01,budget,spending_oe,54906
2018-04-01,budget,spending_oe,62903
2018-07-01,budget,spending_oe,55051
2018-10-01,budget,spending_oe,58100
2019-01-01,budget,spending_oe,59454
2019-04-01,budget,spending_oe,65316
2019-07-01,budget,spending_oe,68801
2019-10-01,budget,spending_oe,69772
2020-01-01,budget,spending_oe,62071
2020-04-01,budget,spending_oe,51938
2020-07-01,budget,spending_oe,56850
2020-10-01,budget,spending_oe,53742
2021-01-01,budget,spending_oe,62200
2021-04-01,budget,spending_oe,55167
2021-07-01,budget,spending_oe,50667
2021-10-01,budget,spending_oe,63481
2022-01-01,budget,spending_oe,64583
2022-04-01,budget,spending_oe,65229
2022-07-01,budget,spending_oe,69176
2022-10-01,budget,spending_oe,93706
2023-01-01,budget,spending_oe,66611
2023-04-01,budget,spending_oe,77210
2023-07-01,budget,spending_oe,69720
2023-10-01,budget,spending_oe,97725
2024-01-01,budget,spending_oe,77661
1996-01-01,budget,spending_de_gross,1452
1996-04-01,budget,spending_de_gross,1978
1996-07-01,budget,spending_de_gross,4579
1996-10-01,budget,spending_de_gross,6619
1997-01-01,budget,spending_de_gross,1674
1997-04-01,budget,spending_de_gross,3519
1997-07-01,budget,spending_de_gross,3272
1997-10-01,budget,spending_de_gross,7285
1998-01-01,budget,spending_de_gross,1317
1998-04-01,budget,spending_de_gross,2655
1998-07-01,budget,spending_de_gross,3735
1998-10-01,budget,spending_de_gross,10396
1999-01-01,budget,spending_de_gross,933
1999-04-01,budget,spending_de_gross,5514
1999-07-01,budget,spending_de_gross,7617
1999-10-01,budget,spending_de_gross,8550
2000-01-01,budget,spending_de_gross,2542
2000-04-01,budget,spending_de_gross,5668
2000-07-01,budget,spending_de_gross,6637
2000-10-01,budget,spending_de_gross,13094
2001-01-01,budget,spending_de_gross,5342
2001-04-01,budget,spending_de_gross,5661
2001-07-01,budget,spending_de_gross,7330
2001-10-01,budget,spending_de_gross,16902
2002-01-01,budget,spending_de_gross,3892
2002-04-01,budget,spending_de_gross,8064
2002-07-01,budget,spending_de_gross,8859
2002-10-01,budget,spending_de_gross,15162
2003-01-01,budget,spending_de_gross,7840
2003-04-01,budget,spending_de_gross,9086
2003-07-01,budget,spending_de_gross,8103
2003-10-01,budget,spending_de_gross,14323
2004-01-01,budget,spending_de_gross,4862
2004-04-01,budget,spending_de_gross,7279
2004-07-01,budget,spending_de_gross,6241
2004-10-01,budget,spending_de_gross,10481
2005-01-01,budget,spending_de_gross,2778
2005-04-01,budget,spending_de_gross,5947
2005-07-01,budget,spending_de_gross,4356
2005-10-01,budget,spending_de_gross,17454
2006-01-01,budget,spending_de_gross,2139
2006-04-01,budget,spending_de_gross,5222
2006-07-01,budget,spending_de_gross,9065
2006-10-01,budget,spending_de_gross,19381
2007-01-01,budget,spending_de_gross,5314
2007-04-01,budget,spending_de_gross,6244
2007-07-01,budget,spending_de_gross,10785
2007-10-01,budget,spending_de_gross,18221
2008-01-01,budget,spending_de_gross,5300
2008-04-01,budget,spending_de_gross,8977
2008-07-01,budget,spending_de_gross,12528
2008-10-01,budget,spending_de_gross,16042
2009-01-01,budget,spending_de_gross,8239
2009-04-01,budget,spending_de_gross,12108
2009-07-01,budget,spending_de_gross,11598
2009-10-01,budget,spending_de_gross,17571
2010-01-01,budget,spending_de_gross,7303
2010-04-01,budget,spending_de_gross,12123
2010-07-01,budget,spending_de_gross,12529
2010-10-01,budget,spending_de_gross,20836
2011-01-01,budget,spending_de_gross,6429
2011-04-01,budget,spending_de_gross,8334
2011-07-01,budget,spending_de_gross,12564
2011-10-01,budget,spending_de_gross,19089
2012-01-01,budget,spending_de_gross,8508
2012-04-01,budget,spending_de_gross,10337
2012-07-01,budget,spending_de_gross,10931
2012-10-01,budget,spending_de_gross,17156
2013-01-01,budget,spending_de_gross,9512
2013-04-01,budget,spending_de_gross,6878
2013-07-01,budget,spending_de_gross,9177
2013-10-01,budget,spending_de_gross,16642
2014-01-01,budget,spending_de_gross,7117
2014-04-01,budget,spending_de_gross,7201
2014-07-01,budget,spending_de_gross,8229
2014-10-01,budget,spending_de_gross,16957
2015-01-01,budget,spending_de_gross,8000
2015-04-01,budget,spending_de_gross,7330
2015-07-01,budget,spending_de_gross,8835
2015-10-01,budget,spending_de_gross,16602
2016-01-01,budget,spending_de_gross,9455
2016-04-01,budget,spending_de_gross,10623
2016-07-01,budget,spending_de_gross,7491
2016-10-01,budget,spending_de_gross,14426
2017-01-01,budget,spending_de_gross,9450
2017-04-01,budget,spending_de_gross,10770
2017-07-01,budget,spending_de_gross,9421
2017-10-01,budget,spending_de_gross,15243
2018-01-01,budget,spending_de_gross,10918
2018-04-01,budget,spending_de_gross,9167
2018-07-01,budget,spending_de_gross,7634
2018-10-01,budget,spending_de_gross,28377
2019-01-01,budget,spending_de_gross,11524
2019-04-01,budget,spending_de_gross,12239
2019-07-01,budget,spending_de_gross,10291
2019-10-01,budget,spending_de_gross,20119
2020-01-01,budget,spending_de_gross,11543
2020-04-01,budget,spending_de_gross,7059
2020-07-01,budget,spending_de_gross,12280
2020-10-01,budget,spending_de_gross,20478
2021-01-01,budget,spending_de_gross,15569
2021-04-01,budget,spending_de_gross,12804
2021-07-01,budget,spending_de_gross,22221
2021-10-01,budget,spending_de_gross,13662
2022-01-01,budget,spending_de_gross,16781
2022-04-01,budget,spending_de_gross,13706
2022-07-01,budget,spending_de_gross,15839
2022-10-01,budget,spending_de_gross,25247
2023-01-01,budget,spending_de_gross,26642
2023-04-01,budget,spending_de_gross,18111
2023-07-01,budget,spending_de_gross,19836
2023-10-01,budget,spending_de_gross,31503
2024-01-01,budget,spending_de_gross,18875
1996-01-01,budget,spending_de_net,1182
1996-04-01,budget,spending_de_net,1639
1996-07-01,budget,spending_de_net,4051
1996-10-01,budget,spending_de_net,5728
1997-01-01,budget,spending_de_net,1544
1997-04-01,budget,spending_de_net,3255
1997-07-01,budget,spending_de_net,3066
1997-10-01,budget,spending_de_net,6580
1998-01-01,budget,spending_de_net,1174
1998-04-01,budget,spending_de_net,2405
1998-07-01,budget,spending_de_net,3585
1998-10-01,budget,spending_de_net,9964
1999-01-01,budget,spending_de_net,873
1999-04-01,budget,spending_de_net,5317
1999-07-01,budget,spending_de_net,7487
1999-10-01,budget,spending_de_net,7785
2000-01-01,budget,spending_de_net,2415
2000-04-01,budget,spending_de_net,5528
2000-07-01,budget,spending_de_net,5336
2000-10-01,budget,spending_de_net,11753
2001-01-01,budget,spending_de_net,4958
2001-04-01,budget,spending_de_net,5545
2001-07-01,budget,spending_de_net,7173
2001-10-01,budget,spending_de_net,16556
2002-01-01,budget,spending_de_net,3713
2002-04-01,budget,spending_de_net,7993
2002-07-01,budget,spending_de_net,8747
2002-10-01,budget,spending_de_net,14616
2003-01-01,budget,spending_de_net,7775
2003-04-01,budget,spending_de_net,8954
2003-07-01,budget,spending_de_net,7836
2003-10-01,budget,spending_de_net,13746
2004-01-01,budget,spending_de_net,4787
2004-04-01,budget,spending_de_net,7043
2004-07-01,budget,spending_de_net,6167
2004-10-01,budget,spending_de_net,9520
2005-01-01,budget,spending_de_net,2620
2005-04-01,budget,spending_de_net,5889
2005-07-01,budget,spending_de_net,4193
2005-10-01,budget,spending_de_net,14583
2006-01-01,budget,spending_de_net,2017
2006-04-01,budget,spending_de_net,5025
2006-07-01,budget,spending_de_net,8886
2006-10-01,budget,spending_de_net,19032
2007-01-01,budget,spending_de_net,5169
2007-04-01,budget,spending_de_net,5805
2007-07-01,budget,spending_de_net,10707
2007-10-01,budget,spending_de_net,15779
2008-01-01,budget,spending_de_net,5194
2008-04-01,budget,spending_de_net,8931
2008-07-01,budget,spending_de_net,12106
2008-10-01,budget,spending_de_net,15658
2009-01-01,budget,spending_de_net,8164
2009-04-01,budget,spending_de_net,12072
2009-07-01,budget,spending_de_net,11458
2009-10-01,budget,spending_de_net,17303
2010-01-01,budget,spending_de_net,7016
2010-04-01,budget,spending_de_net,12010
2010-07-01,budget,spending_de_net,12358
2010-10-01,budget,spending_de_net,19912
2011-01-01,budget,spending_de_net,6321
2011-04-01,budget,spending_de_net,8235
2011-07-01,budget,spending_de_net,12272
2011-10-01,budget,spending_de_net,18507
2012-01-01,budget,spending_de_net,8120
2012-04-01,budget,spending_de_net,8793
2012-07-01,budget,spending_de_net,10800
2012-10-01,budget,spending_de_net,16613
2013-01-01,budget,spending_de_net,8797
2013-04-01,budget,spending_de_net,6827
2013-07-01,budget,spending_de_net,9015
2013-10-01,budget,spending_de_net,16044
2014-01-01,budget,spending_de_net,6963
2014-04-01,budget,spending_de_net,7012
2014-07-01,budget,spending_de_net,8084
2014-10-01,budget,spending_de_net,16393
2015-01-01,budget,spending_de_net,7882
2015-04-01,budget,spending_de_net,7255
2015-07-01,budget,spending_de_net,8689
2015-10-01,budget,spending_de_net,15460
2016-01-01,budget,spending_de_net,9151
2016-04-01,budget,spending_de_net,10440
2016-07-01,budget,spending_de_net,7380
2016-10-01,budget,spending_de_net,13678
2017-01-01,budget,spending_de_net,9305
2017-04-01,budget,spending_de_net,10649
2017-07-01,budget,spending_de_net,9658
2017-10-01,budget,spending_de_net,13419
2018-01-01,budget,spending_de_net,10751
2018-04-01,budget,spending_de_net,9068
2018-07-01,budget,spending_de_net,7492
2018-10-01,budget,spending_de_net,27997
2019-01-01,budget,spending_de_net,11346
2019-04-01,budget,spending_de_net,12082
2019-07-01,budget,spending_de_net,9563
2019-10-01,budget,spending_de_net,19579
2020-01-01,budget,spending_de_net,10854
2020-04-01,budget,spending_de_net,6936
2020-07-01,budget,spending_de_net,12106
2020-10-01,budget,spending_de_net,20205
2021-01-01,budget,spending_de_net,15294
2021-04-01,budget,spending_de_net,12650
2021-07-01,budget,spending_de_net,22077
2021-10-01,budget,spending_de_net,13261
2022-01-01,budget,spending_de_net,16612
2022-04-01,budget,spending_de_net,13415
2022-07-01,budget,spending_de_net,15581
2022-10-01,budget,spending_de_net,24559
2023-01-01,budget,spending_de_net,26450
2023-04-01,budget,spending_de_net,17919
2023-07-01,budget,spending_de_net,19620
2023-10-01,budget,spending_de_net,31095
2024-01-01,budget,spending_de_net,18690
1996-01-01,budget,spending_covid19,0
1996-04-01,budget,spending_covid19,0
1996-07-01,budget,spending_covid19,0
1996-10-01,budget,spending_covid19,0
1997-01-01,budget,spending_covid19,0
1997-04-01,budget,spending_covid19,0
1997-07-01,budget,spending_covid19,0
1997-10-01,budget,spending_covid19,0
1998-01-01,budget,spending_covid19,0
1998-04-01,budget,spending_covid19,0
1998-07-01,budget,spending_covid19,0
1998-10-01,budget,spending_covid19,0
1999-01-01,budget,spending_covid19,0
1999-04-01,budget,spending_covid19,0
1999-07-01,budget,spending_covid19,0
1999-10-01,budget,spending_covid19,0
2000-01-01,budget,spending_covid19,0
2000-04-01,budget,spending_covid19,0
2000-07-01,budget,spending_covid19,0
2000-10-01,budget,spending_covid19,0
2001-01-01,budget,spending_covid19,0
2001-04-01,budget,spending_covid19,0
2001-07-01,budget,spending_covid19,0
2001-10-01,budget,spending_covid19,0
2002-01-01,budget,spending_covid19,0
2002-04-01,budget,spending_covid19,0
2002-07-01,budget,spending_covid19,0
2002-10-01,budget,spending_covid19,0
2003-01-01,budget,spending_covid19,0
2003-04-01,budget,spending_covid19,0
2003-07-01,budget,spending_covid19,0
2003-10-01,budget,spending_covid19,0
2004-01-01,budget,spending_covid19,0
2004-04-01,budget,spending_covid19,0
2004-07-01,budget,spending_covid19,0
2004-10-01,budget,spending_covid19,0
2005-01-01,budget,spending_covid19,0
2005-04-01,budget,spending_covid19,0
2005-07-01,budget,spending_covid19,0
2005-10-01,budget,spending_covid19,0
2006-01-01,budget,spending_covid19,0
2006-04-01,budget,spending_covid19,0
2006-07-01,budget,spending_covid19,0
2006-10-01,budget,spending_covid19,0
2007-01-01,budget,spending_covid19,0
2007-04-01,budget,spending_covid19,0
2007-07-01,budget,spending_covid19,0
2007-10-01,budget,spending_covid19,0
2008-01-01,budget,spending_covid19,0
2008-04-01,budget,spending_covid19,0
2008-07-01,budget,spending_covid19,0
2008-10-01,budget,spending_covid19,0
2009-01-01,budget,spending_covid19,0
2009-04-01,budget,spending_covid19,0
2009-07-01,budget,spending_covid19,0
2009-10-01,budget,spending_covid19,0
2010-01-01,budget,spending_covid19,0
2010-04-01,budget,spending_covid19,0
2010-07-01,budget,spending_covid19,0
2010-10-01,budget,spending_covid19,0
2011-01-01,budget,spending_covid19,0
2011-04-01,budget,spending_covid19,0
2011-07-01,budget,spending_covid19,0
2011-10-01,budget,spending_covid19,0
2012-01-01,budget,spending_covid19,0
2012-04-01,budget,spending_covid19,0
2012-07-01,budget,spending_covid19,0
2012-10-01,budget,spending_covid19,0
2013-01-01,budget,spending_covid19,0
2013-04-01,budget,spending_covid19,0
2013-07-01,budget,spending_covid19,0
2013-10-01,budget,spending_covid19,0
2014-01-01,budget,spending_covid19,0
2014-04-01,budget,spending_covid19,0
2014-07-01,budget,spending_covid19,0
2014-10-01,budget,spending_covid19,0
2015-01-01,budget,spending_covid19,0
2015-04-01,budget,spending_covid19,0
2015-07-01,budget,spending_covid19,0
2015-10-01,budget,spending_covid19,0
2016-01-01,budget,spending_covid19,0
2016-04-01,budget,spending_covid19,0
2016-07-01,budget,spending_covid19,0
2016-10-01,budget,spending_covid19,0
2017-01-01,budget,spending_covid19,0
2017-04-01,budget,spending_covid19,0
2017-07-01,budget,spending_covid19,0
2017-10-01,budget,spending_covid19,0
2018-01-01,budget,spending_covid19,0
2018-04-01,budget,spending_covid19,0
2018-07-01,budget,spending_covid19,0
2018-10-01,budget,spending_covid19,0
2019-01-01,budget,spending_covid19,0
2019-04-01,budget,spending_covid19,0
2019-07-01,budget,spending_covid19,0
2019-10-01,budget,spending_covid19,0
2020-01-01,budget,spending_covid19,516
2020-04-01,budget,spending_covid19,22147
2020-07-01,budget,spending_covid19,4999
2020-10-01,budget,spending_covid19,10357
2021-01-01,budget,spending_covid19,9099
2021-04-01,budget,spending_covid19,9331
2021-07-01,budget,spending_covid19,5020
2021-10-01,budget,spending_covid19,14261
2022-01-01,budget,spending_covid19,5358
2022-04-01,budget,spending_covid19,4050
2022-07-01,budget,spending_covid19,5591
2022-10-01,budget,spending_covid19,15980
2023-01-01,budget,spending_covid19,0
2023-04-01,budget,spending_covid19,0
2023-07-01,budget,spending_covid19,0
2023-10-01,budget,spending_covid19,0
2024-01-01,budget,spending_covid19,0
1996-01-01,financing,domestic_gross,0
1996-04-01,financing,domestic_gross,2000
1996-07-01,financing,domestic_gross,2000
1996-10-01,financing,domestic_gross,2000
1997-01-01,financing,domestic_gross,0
1997-04-01,financing,domestic_gross,550
1997-07-01,financing,domestic_gross,540
1997-10-01,financing,domestic_gross,3390
1998-01-01,financing,domestic_gross,0
1998-04-01,financing,domestic_gross,2000
1998-07-01,financing,domestic_gross,4950
1998-10-01,financing,domestic_gross,11040
1999-01-01,financing,domestic_gross,4099
1999-04-01,financing,domestic_gross,4000
1999-07-01,financing,domestic_gross,2000
1999-10-01,financing,domestic_gross,9182
2000-01-01,financing,domestic_gross,3500
2000-04-01,financing,domestic_gross,6000
2000-07-01,financing,domestic_gross,5000
2000-10-01,financing,domestic_gross,8682
2001-01-01,financing,domestic_gross,5000
2001-04-01,financing,domestic_gross,7000
2001-07-01,financing,domestic_gross,5000
2001-10-01,financing,domestic_gross,6500
2002-01-01,financing,domestic_gross,3000
2002-04-01,financing,domestic_gross,3000
2002-07-01,financing,domestic_gross,3000
2002-10-01,financing,domestic_gross,9000
2003-01-01,financing,domestic_gross,19100
2003-04-01,financing,domestic_gross,8000
2003-07-01,financing,domestic_gross,12250
2003-10-01,financing,domestic_gross,2500
2004-01-01,financing,domestic_gross,6000
2004-04-01,financing,domestic_gross,20600
2004-07-01,financing,domestic_gross,10750
2004-10-01,financing,domestic_gross,8500
2005-01-01,financing,domestic_gross,6000
2005-04-01,financing,domestic_gross,9000
2005-07-01,financing,domestic_gross,8000
2005-10-01,financing,domestic_gross,8500
2006-01-01,financing,domestic_gross,5100
2006-04-01,financing,domestic_gross,9500
2006-07-01,financing,domestic_gross,12000
2006-10-01,financing,domestic_gross,9500
2007-01-01,financing,domestic_gross,14452
2007-04-01,financing,domestic_gross,12063
2007-07-01,financing,domestic_gross,13500
2007-10-01,financing,domestic_gross,14066
2008-01-01,financing,domestic_gross,16000
2008-04-01,financing,domestic_gross,10500
2008-07-01,financing,domestic_gross,15000
2008-10-01,financing,domestic_gross,18500
2009-01-01,financing,domestic_gross,25500
2009-04-01,financing,domestic_gross,28000
2009-07-01,financing,domestic_gross,23000
2009-10-01,financing,domestic_gross,17000
2010-01-01,financing,domestic_gross,19000
2010-04-01,financing,domestic_gross,16399
2010-07-01,financing,domestic_gross,15600
2010-10-01,financing,domestic_gross,9500
2011-01-01,financing,domestic_gross,24500
2011-04-01,financing,domestic_gross,26500
2011-07-01,financing,domestic_gross,24000
2011-10-01,financing,domestic_gross,18312
2012-01-01,financing,domestic_gross,24744
2012-04-01,financing,domestic_gross,27000
2012-07-01,financing,domestic_gross,25000
2012-10-01,financing,domestic_gross,19500
2013-01-01,financing,domestic_gross,23500
2013-04-01,financing,domestic_gross,24500
2013-07-01,financing,domestic_gross,26238
2013-10-01,financing,domestic_gross,26220
2014-01-01,financing,domestic_gross,23500
2014-04-01,financing,domestic_gross,26296
2014-07-01,financing,domestic_gross,20603
2014-10-01,financing,domestic_gross,20341
2015-01-01,financing,domestic_gross,23000
2015-04-01,financing,domestic_gross,26500
2015-07-01,financing,domestic_gross,21000
2015-10-01,financing,domestic_gross,24753
2016-01-01,financing,domestic_gross,25500
2016-04-01,financing,domestic_gross,25500
2016-07-01,financing,domestic_gross,20000
2016-10-01,financing,domestic_gross,15000
2017-01-01,financing,domestic_gross,30500
2017-04-01,financing,domestic_gross,27000
2017-07-01,financing,domestic_gross,28000
2017-10-01,financing,domestic_gross,28416
2018-01-01,financing,domestic_gross,32700
2018-04-01,financing,domestic_gross,30000
2018-07-01,financing,domestic_gross,26800
2018-10-01,financing,domestic_gross,25300
2019-01-01,financing,domestic_gross,36500
2019-04-01,financing,domestic_gross,30500
2019-07-01,financing,domestic_gross,26000
2019-10-01,financing,domestic_gross,22700
2020-01-01,financing,domestic_gross,38800
2020-04-01,financing,domestic_gross,39000
2020-07-01,financing,domestic_gross,45282
2020-10-01,financing,domestic_gross,29500
2021-01-01,financing,domestic_gross,40500
2021-04-01,financing,domestic_gross,40000
2021-07-01,financing,domestic_gross,42500
2021-10-01,financing,domestic_gross,40860
2022-01-01,financing,domestic_gross,40500
2022-04-01,financing,domestic_gross,47000
2022-07-01,financing,domestic_gross,45500
2022-10-01,financing,domestic_gross,38500
2023-01-01,financing,domestic_gross,50500
2023-04-01,financing,domestic_gross,47950
2023-07-01,financing,domestic_gross,51460
2023-10-01,financing,domestic_gross,41000
2024-01-01,financing,domestic_gross,45000
1996-01-01,financing,domestic_net,-500
1996-04-01,financing,domestic_net,1177
1996-07-01,financing,domestic_net,514
1996-10-01,financing,domestic_net,100
1997-01-01,financing,domestic_net,-3480
1997-04-01,financing,domestic_net,-1170
1997-07-01,financing,domestic_net,540
1997-10-01,financing,domestic_net,2062
1998-01-01,financing,domestic_net,-450
1998-04-01,financing,domestic_net,600
1998-07-01,financing,domestic_net,-150
1998-10-01,financing,domestic_net,11040
1999-01-01,financing,domestic_net,1949
1999-04-01,financing,domestic_net,2000
1999-07-01,financing,domestic_net,-526
1999-10-01,financing,domestic_net,2000
2000-01-01,financing,domestic_net,2900
2000-04-01,financing,domestic_net,6000
2000-07-01,financing,domestic_net,2050
2000-10-01,financing,domestic_net,1764
2001-01-01,financing,domestic_net,3700
2001-04-01,financing,domestic_net,-300
2001-07-01,financing,domestic_net,5000
2001-10-01,financing,domestic_net,4981
2002-01-01,financing,domestic_net,-2400
2002-04-01,financing,domestic_net,2500
2002-07-01,financing,domestic_net,2000
2002-10-01,financing,domestic_net,3976
2003-01-01,financing,domestic_net,8800
2003-04-01,financing,domestic_net,6500
2003-07-01,financing,domestic_net,5450
2003-10-01,financing,domestic_net,2500
2004-01-01,financing,domestic_net,500
2004-04-01,financing,domestic_net,8900
2004-07-01,financing,domestic_net,8750
2004-10-01,financing,domestic_net,7500
2005-01-01,financing,domestic_net,6000
2005-04-01,financing,domestic_net,500
2005-07-01,financing,domestic_net,5550
2005-10-01,financing,domestic_net,650
2006-01-01,financing,domestic_net,4600
2006-04-01,financing,domestic_net,8200
2006-07-01,financing,domestic_net,3800
2006-10-01,financing,domestic_net,1150
2007-01-01,financing,domestic_net,8700
2007-04-01,financing,domestic_net,10400
2007-07-01,financing,domestic_net,12300
2007-10-01,financing,domestic_net,-5600
2008-01-01,financing,domestic_net,10350
2008-04-01,financing,domestic_net,10500
2008-07-01,financing,domestic_net,1851
2008-10-01,financing,domestic_net,12952
2009-01-01,financing,domestic_net,7834
2009-04-01,financing,domestic_net,24500
2009-07-01,financing,domestic_net,18954
2009-10-01,financing,domestic_net,5591
2010-01-01,financing,domestic_net,15465
2010-04-01,financing,domestic_net,5475
2010-07-01,financing,domestic_net,8563
2010-10-01,financing,domestic_net,6954
2011-01-01,financing,domestic_net,24461
2011-04-01,financing,domestic_net,4699
2011-07-01,financing,domestic_net,743
2011-10-01,financing,domestic_net,15166
2012-01-01,financing,domestic_net,15472
2012-04-01,financing,domestic_net,4872
2012-07-01,financing,domestic_net,7500
2012-10-01,financing,domestic_net,15500
2013-01-01,financing,domestic_net,6281
2013-04-01,financing,domestic_net,10101
2013-07-01,financing,domestic_net,8756
2013-10-01,financing,domestic_net,14388
2014-01-01,financing,domestic_net,20000
2014-04-01,financing,domestic_net,5957
2014-07-01,financing,domestic_net,100
2014-10-01,financing,domestic_net,11500
2015-01-01,financing,domestic_net,9203
2015-04-01,financing,domestic_net,26500
2015-07-01,financing,domestic_net,-10535
2015-10-01,financing,domestic_net,13762
2016-01-01,financing,domestic_net,18500
2016-04-01,financing,domestic_net,23328
2016-07-01,financing,domestic_net,-7969
2016-10-01,financing,domestic_net,4000
2017-01-01,financing,domestic_net,11250
2017-04-01,financing,domestic_net,21281
2017-07-01,financing,domestic_net,5900
2017-10-01,financing,domestic_net,2319
2018-01-01,financing,domestic_net,13029
2018-04-01,financing,domestic_net,22500
2018-07-01,financing,domestic_net,5644
2018-10-01,financing,domestic_net,10800
2019-01-01,financing,domestic_net,28822
2019-04-01,financing,domestic_net,20500
2019-07-01,financing,domestic_net,3584
2019-10-01,financing,domestic_net,-6219
2020-01-01,financing,domestic_net,27800
2020-04-01,financing,domestic_net,12000
2020-07-01,financing,domestic_net,21493
2020-10-01,financing,domestic_net,14758
2021-01-01,financing,domestic_net,27500
2021-04-01,financing,domestic_net,27500
2021-07-01,financing,domestic_net,10300
2021-10-01,financing,domestic_net,21000
2022-01-01,financing,domestic_net,23021
2022-04-01,financing,domestic_net,36000
2022-07-01,financing,domestic_net,7473
2022-10-01,financing,domestic_net,30000
2023-01-01,financing,domestic_net,29380
2023-04-01,financing,domestic_net,21200
2023-07-01,financing,domestic_net,28000
2023-10-01,financing,domestic_net,25500
2024-01-01,financing,domestic_net,39500
1996-01-01,financing,foreign_gross,98
1996-04-01,financing,foreign_gross,104
1996-07-01,financing,foreign_gross,215
1996-10-01,financing,foreign_gross,332
1997-01-01,financing,foreign_gross,89
1997-04-01,financing,foreign_gross,117
1997-07-01,financing,foreign_gross,122
1997-10-01,financing,foreign_gross,134
1998-01-01,financing,foreign_gross,82
1998-04-01,financing,foreign_gross,1276
1998-07-01,financing,foreign_gross,86
1998-10-01,financing,foreign_gross,2557
1999-01-01,financing,foreign_gross,43
1999-04-01,financing,foreign_gross,4108
1999-07-01,financing,foreign_gross,143
1999-10-01,financing,foreign_gross,470
2000-01-01,financing,foreign_gross,99
2000-04-01,financing,foreign_gross,93
2000-07-01,financing,foreign_gross,2092
2000-10-01,financing,foreign_gross,2483
2001-01-01,financing,foreign_gross,48
2001-04-01,financing,foreign_gross,801
2001-07-01,financing,foreign_gross,3921
2001-10-01,financing,foreign_gross,2259
2002-01-01,financing,foreign_gross,3127
2002-04-01,financing,foreign_gross,557
2002-07-01,financing,foreign_gross,2451
2002-10-01,financing,foreign_gross,4330
2003-01-01,financing,foreign_gross,1562
2003-04-01,financing,foreign_gross,528
2003-07-01,financing,foreign_gross,111
2003-10-01,financing,foreign_gross,989
2004-01-01,financing,foreign_gross,17
2004-04-01,financing,foreign_gross,479
2004-07-01,financing,foreign_gross,154
2004-10-01,financing,foreign_gross,486
2005-01-01,financing,foreign_gross,7
2005-04-01,financing,foreign_gross,455
2005-07-01,financing,foreign_gross,63
2005-10-01,financing,foreign_gross,126
2006-01-01,financing,foreign_gross,13
2006-04-01,financing,foreign_gross,219
2006-07-01,financing,foreign_gross,72
2006-10-01,financing,foreign_gross,529
2007-01-01,financing,foreign_gross,89
2007-04-01,financing,foreign_gross,70
2007-07-01,financing,foreign_gross,58
2007-10-01,financing,foreign_gross,272
2008-01-01,financing,foreign_gross,16
2008-04-01,financing,foreign_gross,154
2008-07-01,financing,foreign_gross,109
2008-10-01,financing,foreign_gross,195
2009-01-01,financing,foreign_gross,2
2009-04-01,financing,foreign_gross,0
2009-07-01,financing,foreign_gross,2
2009-10-01,financing,foreign_gross,448
2010-01-01,financing,foreign_gross,62
2010-04-01,financing,foreign_gross,4049
2010-07-01,financing,foreign_gross,107
2010-10-01,financing,foreign_gross,277
2011-01-01,financing,foreign_gross,25
2011-04-01,financing,foreign_gross,126
2011-07-01,financing,foreign_gross,6063
2011-10-01,financing,foreign_gross,255
2012-01-01,financing,foreign_gross,94
2012-04-01,financing,foreign_gross,167
2012-07-01,financing,foreign_gross,115
2012-10-01,financing,foreign_gross,308
2013-01-01,financing,foreign_gross,33
2013-04-01,financing,foreign_gross,138
2013-07-01,financing,foreign_gross,113
2013-10-01,financing,foreign_gross,128
2014-01-01,financing,foreign_gross,66
2014-04-01,financing,foreign_gross,21
2014-07-01,financing,foreign_gross,69
2014-10-01,financing,foreign_gross,121
2015-01-01,financing,foreign_gross,5
2015-04-01,financing,foreign_gross,5375
2015-07-01,financing,foreign_gross,79
2015-10-01,financing,foreign_gross,100
2016-01-01,financing,foreign_gross,6
2016-04-01,financing,foreign_gross,5911
2016-07-01,financing,foreign_gross,40
2016-10-01,financing,foreign_gross,26
2017-01-01,financing,foreign_gross,11
2017-04-01,financing,foreign_gross,23
2017-07-01,financing,foreign_gross,7
2017-10-01,financing,foreign_gross,23
2018-01-01,financing,foreign_gross,5
2018-04-01,financing,foreign_gross,7
2018-07-01,financing,foreign_gross,13
2018-10-01,financing,foreign_gross,11
2019-01-01,financing,foreign_gross,7172
2019-04-01,financing,foreign_gross,15
2019-07-01,financing,foreign_gross,0
2019-10-01,financing,foreign_gross,117
2020-01-01,financing,foreign_gross,0
2020-04-01,financing,foreign_gross,0
2020-07-01,financing,foreign_gross,0
2020-10-01,financing,foreign_gross,0
2021-01-01,financing,foreign_gross,0
2021-04-01,financing,foreign_gross,5277
2021-07-01,financing,foreign_gross,0
2021-10-01,financing,foreign_gross,0
2022-01-01,financing,foreign_gross,0
2022-04-01,financing,foreign_gross,0
2022-07-01,financing,foreign_gross,0
2022-10-01,financing,foreign_gross,0
2023-01-01,financing,foreign_gross,0
2023-04-01,financing,foreign_gross,0
2023-07-01,financing,foreign_gross,0
2023-10-01,financing,foreign_gross,0
2024-01-01,financing,foreign_gross,0
1996-01-01,financing,foreign_net,-211
1996-04-01,financing,foreign_net,-255
1996-07-01,financing,foreign_net,-814
1996-10-01,financing,foreign_net,-897
1997-01-01,financing,foreign_net,-121
1997-04-01,financing,foreign_net,-1187
1997-07-01,financing,foreign_net,-278
1997-10-01,financing,foreign_net,-95
1998-01-01,financing,foreign_net,-1026
1998-04-01,financing,foreign_net,1055
1998-07-01,financing,foreign_net,-510
1998-10-01,financing,foreign_net,2300
1999-01-01,financing,foreign_net,-1136
1999-04-01,financing,foreign_net,3896
1999-07-01,financing,foreign_net,-85
1999-10-01,financing,foreign_net,248
2000-01-01,financing,foreign_net,-113
2000-04-01,financing,foreign_net,-112
2000-07-01,financing,foreign_net,1094
2000-10-01,financing,foreign_net,-5
2001-01-01,financing,foreign_net,-172
2001-04-01,financing,foreign_net,641
2001-07-01,financing,foreign_net,3709
2001-10-01,financing,foreign_net,2117
2002-01-01,financing,foreign_net,2929
2002-04-01,financing,foreign_net,344
2002-07-01,financing,foreign_net,2135
2002-10-01,financing,foreign_net,2611
2003-01-01,financing,foreign_net,-26
2003-04-01,financing,foreign_net,199
2003-07-01,financing,foreign_net,-238
2003-10-01,financing,foreign_net,-3598
2004-01-01,financing,foreign_net,-158
2004-04-01,financing,foreign_net,115
2004-07-01,financing,foreign_net,-226
2004-10-01,financing,foreign_net,390
2005-01-01,financing,foreign_net,-267
2005-04-01,financing,foreign_net,209
2005-07-01,financing,foreign_net,-316
2005-10-01,financing,foreign_net,-3129
2006-01-01,financing,foreign_net,-355
2006-04-01,financing,foreign_net,96
2006-07-01,financing,foreign_net,-300
2006-10-01,financing,foreign_net,-2495
2007-01-01,financing,foreign_net,-416
2007-04-01,financing,foreign_net,-61
2007-07-01,financing,foreign_net,-3007
2007-10-01,financing,foreign_net,-830
2008-01-01,financing,foreign_net,-458
2008-04-01,financing,foreign_net,86
2008-07-01,financing,foreign_net,-88
2008-10-01,financing,foreign_net,-14
2009-01-01,financing,foreign_net,-598
2009-04-01,financing,foreign_net,-5376
2009-07-01,financing,foreign_net,-646
2009-10-01,financing,foreign_net,334
2010-01-01,financing,foreign_net,-405
2010-04-01,financing,foreign_net,3987
2010-07-01,financing,foreign_net,-114
2010-10-01,financing,foreign_net,196
2011-01-01,financing,foreign_net,-369
2011-04-01,financing,foreign_net,59
2011-07-01,financing,foreign_net,671
2011-10-01,financing,foreign_net,188
2012-01-01,financing,foreign_net,-297
2012-04-01,financing,foreign_net,103
2012-07-01,financing,foreign_net,-64
2012-10-01,financing,foreign_net,244
2013-01-01,financing,foreign_net,-322
2013-04-01,financing,foreign_net,79
2013-07-01,financing,foreign_net,-28
2013-10-01,financing,foreign_net,51
2014-01-01,financing,foreign_net,-270
2014-04-01,financing,foreign_net,-56
2014-07-01,financing,foreign_net,-87
2014-10-01,financing,foreign_net,56
2015-01-01,financing,foreign_net,-119
2015-04-01,financing,foreign_net,883
2015-07-01,financing,foreign_net,-62
2015-10-01,financing,foreign_net,25
2016-01-01,financing,foreign_net,-134
2016-04-01,financing,foreign_net,5834
2016-07-01,financing,foreign_net,-4785
2016-10-01,financing,foreign_net,-80
2017-01-01,financing,foreign_net,-143
2017-04-01,financing,foreign_net,-37
2017-07-01,financing,foreign_net,-141
2017-10-01,financing,foreign_net,-20
2018-01-01,financing,foreign_net,-142
2018-04-01,financing,foreign_net,-26
2018-07-01,financing,foreign_net,-126
2018-10-01,financing,foreign_net,-26
2019-01-01,financing,foreign_net,7042
2019-04-01,financing,foreign_net,-14
2019-07-01,financing,foreign_net,-138
2019-10-01,financing,foreign_net,87
2020-01-01,financing,foreign_net,-133
2020-04-01,financing,foreign_net,-31
2020-07-01,financing,foreign_net,-129
2020-10-01,financing,foreign_net,-37
2021-01-01,financing,foreign_net,-124
2021-04-01,financing,foreign_net,5254
2021-07-01,financing,foreign_net,-3373
2021-10-01,financing,foreign_net,-23
2022-01-01,financing,foreign_net,-116
2022-04-01,financing,foreign_net,-22
2022-07-01,financing,foreign_net,-103
2022-10-01,financing,foreign_net,-24
2023-01-01,financing,foreign_net,-109
2023-04-01,financing,foreign_net,-18
2023-07-01,financing,foreign_net,-103
2023-10-01,financing,foreign_net,-18
2024-01-01,financing,foreign_net,-99
1996-01-01,financing,asset_use,-2581
1996-04-01,financing,asset_use,-3454
1996-07-01,financing,asset_use,879
1996-10-01,financing,asset_use,3752
1997-01-01,financing,asset_use,-208
1997-04-01,financing,asset_use,-1392
1997-07-01,financing,asset_use,-3041
1997-10-01,financing,asset_use,1744
1998-01-01,financing,asset_use,-2727
1998-04-01,financing,asset_use,-1272
1998-07-01,financing,asset_use,-838
1998-10-01,financing,asset_use,-3020
1999-01-01,financing,asset_use,-2060
1999-04-01,financing,asset_use,-6019
1999-07-01,financing,asset_use,6258
1999-10-01,financing,asset_use,2961
2000-01-01,financing,asset_use,-3765
2000-04-01,financing,asset_use,-4282
2000-07-01,financing,asset_use,1433
2000-10-01,financing,asset_use,12771
2001-01-01,financing,asset_use,-1900
2001-04-01,financing,asset_use,-2166
2001-07-01,financing,asset_use,-5687
2001-10-01,financing,asset_use,8500
2002-01-01,financing,asset_use,754
2002-04-01,financing,asset_use,1173
2002-07-01,financing,asset_use,1003
2002-10-01,financing,asset_use,3226
2003-01-01,financing,asset_use,-1966
2003-04-01,financing,asset_use,3282
2003-07-01,financing,asset_use,-2859
2003-10-01,financing,asset_use,2885
2004-01-01,financing,asset_use,2861
2004-04-01,financing,asset_use,-4093
2004-07-01,financing,asset_use,-6999
2004-10-01,financing,asset_use,1878
2005-01-01,financing,asset_use,-8352
2005-04-01,financing,asset_use,1978
2005-07-01,financing,asset_use,-4429
2005-10-01,financing,asset_use,20330
2006-01-01,financing,asset_use,-9113
2006-04-01,financing,asset_use,-14711
2006-07-01,financing,asset_use,2288
2006-10-01,financing,asset_use,25949
2007-01-01,financing,asset_use,-5650
2007-04-01,financing,asset_use,-13947
2007-07-01,financing,asset_use,1843
2007-10-01,financing,asset_use,16927
2008-01-01,financing,asset_use,-2229
2008-04-01,financing,asset_use,-8656
2008-07-01,financing,asset_use,6025
2008-10-01,financing,asset_use,5274
2009-01-01,financing,asset_use,-578
2009-04-01,financing,asset_use,-7368
2009-07-01,financing,asset_use,-10533
2009-10-01,financing,asset_use,15307
2010-01-01,financing,asset_use,-4877
2010-04-01,financing,asset_use,-2362
2010-07-01,financing,asset_use,-646
2010-10-01,financing,asset_use,11011
2011-01-01,financing,asset_use,-18878
2011-04-01,financing,asset_use,-5583
2011-07-01,financing,asset_use,11343
2011-10-01,financing,asset_use,10008
2012-01-01,financing,asset_use,-9344
2012-04-01,financing,asset_use,2806
2012-07-01,financing,asset_use,1345
2012-10-01,financing,asset_use,2294
2013-01-01,financing,asset_use,8979
2013-04-01,financing,asset_use,-5757
2013-07-01,financing,asset_use,-3289
2013-10-01,financing,asset_use,-680
2014-01-01,financing,asset_use,-6744
2014-04-01,financing,asset_use,164
2014-07-01,financing,asset_use,1864
2014-10-01,financing,asset_use,4925
2015-01-01,financing,asset_use,2671
2015-04-01,financing,asset_use,-23550
2015-07-01,financing,asset_use,15318
2015-10-01,financing,asset_use,3096
2016-01-01,financing,asset_use,-631
2016-04-01,financing,asset_use,-14144
2016-07-01,financing,asset_use,14553
2016-10-01,financing,asset_use,-71
2017-01-01,financing,asset_use,9112
2017-04-01,financing,asset_use,-7490
2017-07-01,financing,asset_use,-6563
2017-10-01,financing,asset_use,4853
2018-01-01,financing,asset_use,-1554
2018-04-01,financing,asset_use,-2972
2018-07-01,financing,asset_use,-1895
2018-10-01,financing,asset_use,8153
2019-01-01,financing,asset_use,-28752
2019-04-01,financing,asset_use,-5173
2019-07-01,financing,asset_use,6142
2019-10-01,financing,asset_use,25617
2020-01-01,financing,asset_use,452
2020-04-01,financing,asset_use,12602
2020-07-01,financing,asset_use,6189
2020-10-01,financing,asset_use,-7319
2021-01-01,financing,asset_use,9690
2021-04-01,financing,asset_use,-12497
2021-07-01,financing,asset_use,19382
2021-10-01,financing,asset_use,-5853
2022-01-01,financing,asset_use,891
2022-04-01,financing,asset_use,-14850
2022-07-01,financing,asset_use,-303
2022-10-01,financing,asset_use,17516
2023-01-01,financing,asset_use,-12406
2023-04-01,financing,asset_use,1737
2023-07-01,financing,asset_use,-16412
2023-10-01,financing,asset_use,14640
2024-01-01,financing,asset_use,-13026
